LocationID,Zone,Borough,PopularityIndex
4,Alphabet City,Manhattan,1.0
7,Astoria,Queens,0.55
13,Battery Park City,Manhattan,0.85
24,Bloomingdale,Manhattan,0.75
33,Brooklyn Heights,Brooklyn,0.6
42,Central Harlem,Manhattan,0.65
48,Clinton East,Manhattan,1.15
50,Clinton West,Manhattan,1.05
68,East Chelsea,Manhattan,1.1
79,East Village,Manhattan,1.2
87,Financial District North,Manhattan,1.3
90,Flatiron,Manhattan,1.25
100,Garment District,Manhattan,1.1
107,Gramercy,Manhattan,1.0
113,Greenwich Village North,Manhattan,1.05
114,Greenwich Village South,Manhattan,1.0
125,Hudson Sq,Manhattan,0.95
132,JFK Airport,Queens,1.4
138,LaGuardia Airport,Queens,1.2
140,Lenox Hill East,Manhattan,0.9
141,Lenox Hill West,Manhattan,0.9
142,Lincoln Square East,Manhattan,1.0
148,Lower East Side,Manhattan,0.95
161,Midtown Center,Manhattan,1.45
162,Midtown East,Manhattan,1.4
163,Midtown North Center,Manhattan,1.35
164,Midtown South,Manhattan,1.3
170,Murray Hill,Manhattan,1.05
186,Penn Station/Madison Sq West,Manhattan,1.35
211,SoHo,Manhattan,1.15
224,Stuy Town/Peter Cooper Village,Manhattan,0.7
229,Sutton Place/Turtle Bay North,Manhattan,0.9
230,Times Sq/Theatre District,Manhattan,1.5
231,TriBeCa/Civic Center,Manhattan,1.0
234,Union Sq,Manhattan,1.2
236,Upper East Side North,Manhattan,1.1
237,Upper East Side South,Manhattan,1.15
238,Upper West Side North,Manhattan,0.95
239,Upper West Side South,Manhattan,0.95
249,West Village,Manhattan,1.05
